FileName1,"WARNING: This product can expose you to Di(2-ethylhexyl)phthalate (DEHP), which is known to the State of California to cause Cancer and Birth Defect/Reproductive Harm. For more information go to www.P65Warnings.ca.gov."
FileName2,"WARNING: This product can expose you to Di(2-ethylhexyl)phthalate (DEHP), which is known to the State of California to cause Cancer and Birth Defect/Reproductive Harm. For more information go to www.P65Warnings.ca.gov."
FileName3,"WARNING: This product can expose you to Di(2-ethylhexyl)phthalate (DEHP), which is known to the State of California to cause Cancer and Birth Defect/Reproductive Harm. For more information go to www.P65Warnings.ca.gov."
FileName4,"WARNING: This product can expose you to Di(2-ethylhexyl)phthalate (DEHP), which is known to the State of California to cause Cancer and Birth Defect/Reproductive Harm. For more information go to www.P65Warnings.ca.gov."
FileName5,"WARNING: This product can expose you to Di(2-ethylhexyl)phthalate (DEHP), which is known to the State of California to cause Cancer and Birth Defect/Reproductive Harm. For more information go to www.P65Warnings.ca.gov."
FileName6,"WARNING: This product can expose you to Di(2-ethylhexyl)phthalate (DEHP), which is known to the State of California to cause Cancer and Birth Defect/Reproductive Harm. For more information go to www.P65Warnings.ca.gov."
FileName7,"WARNING: This product can expose you to Lead, which is known to the State of California to cause Cancer and Birth Defect/Reproductive Harm. For more information go to www.P65Warnings.ca.gov."
FileName8,"WARNING: This product can expose you to Lead, which is known to the State of California to cause Cancer and Birth Defect/Reproductive Harm. For more information go to www.P65Warnings.ca.gov."
FileName9,"WARNING: This product can expose you to Lead, which is known to the State of California to cause Cancer and Birth Defect/Reproductive Harm. For more information go to www.P65Warnings.ca.gov."
FileName10,"WARNING: This product can expose you to Lead, which is known to the State of California to cause Cancer and Birth Defect/Reproductive Harm. For more information go to www.P65Warnings.ca.gov."
FileName11,"WARNING: This product can expose you to Lead, which is known to the State of California to cause Cancer and Birth Defect/Reproductive Harm. For more information go to www.P65Warnings.ca.gov."
FileName12,"WARNING: This product can expose you to Lead, which is known to the State of California to cause Cancer and Birth Defect/Reproductive Harm. For more information go to www.P65Warnings.ca.gov."
FileName13,"WARNING: This product can expose you to Lead, which is known to the State of California to cause Cancer and Birth Defect/Reproductive Harm. For more information go to www.P65Warnings.ca.gov."
FileName14,"WARNING: This product can expose you to Lead, which is known to the State of California to cause Cancer and Birth Defect/Reproductive Harm. For more information go to www.P65Warnings.ca.gov."
FileName15,"WARNING: This product can expose you to Lead, which is known to the State of California to cause Cancer and Birth Defect/Reproductive Harm. For more information go to www.P65Warnings.ca.gov."
FileName16,"WARNING: This product can expose you to Lead, which is known to the State of California to cause Cancer and Birth Defect/Reproductive Harm. For more information go to www.P65Warnings.ca.gov."
FileName17,"WARNING: This product can expose you to Lead, which is known to the State of California to cause Cancer and Birth Defect/Reproductive Harm. For more information go to www.P65Warnings.ca.gov."
FileName18,"WARNING: This product can expose you to Lead, which is known to the State of California to cause Cancer and Birth Defect/Reproductive Harm. For more information go to www.P65Warnings.ca.gov."
FileName19,"WARNING: This product can expose you to Lead, which is known to the State of California to cause Cancer and Birth Defect/Reproductive Harm. For more information go to www.P65Warnings.ca.gov."
FileName20,"WARNING: This product can expose you to Lead, which is known to the State of California to cause Cancer and Birth Defect/Reproductive Harm. For more information go to www.P65Warnings.ca.gov."
FileName21,"WARNING: This product can expose you to Lead, which is known to the State of California to cause Cancer and Birth Defect/Reproductive Harm. For more information go to www.P65Warnings.ca.gov."
FileName22,"WARNING: This product can expose you to Lead, which is known to the State of California to cause Cancer and Birth Defect/Reproductive Harm. For more information go to www.P65Warnings.ca.gov."
FileName23,"WARNING: This product can expose you to Lead, which is known to the State of California to cause Cancer and Birth Defect/Reproductive Harm. For more information go to www.P65Warnings.ca.gov."
FileName24,"WARNING: This product can expose you to Lead, which is known to the State of California to cause Cancer and Birth Defect/Reproductive Harm. For more information go to www.P65Warnings.ca.gov."
FileName25,"WARNING: This product can expose you to Lead, which is known to the State of California to cause Cancer and Birth Defect/Reproductive Harm. For more information go to www.P65Warnings.ca.gov."
FileName26,"WARNING: This product can expose you to Lead, which is known to the State of California to cause Cancer and Birth Defect/Reproductive Harm. For more information go to www.P65Warnings.ca.gov."
FileName27,"WARNING: This product can expose you to Lead, which is known to the State of California to cause Cancer and Birth Defect/Reproductive Harm. For more information go to www.P65Warnings.ca.gov."
FileName28,"WARNING: This product can expose you to Lead, which is known to the State of California to cause Cancer and Birth Defect/Reproductive Harm. For more information go to www.P65Warnings.ca.gov."
FileName29,"WARNING: This product can expose you to Lead, which is known to the State of California to cause Cancer and Birth Defect/Reproductive Harm. For more information go to www.P65Warnings.ca.gov."
FileName30,"WARNING: This product can expose you to Lead, which is known to the State of California to cause Cancer and Birth Defect/Reproductive Harm. For more information go to www.P65Warnings.ca.gov."
FileName31,"WARNING: This product can expose you to Lead, which is known to the State of California to cause Cancer and Birth Defect/Reproductive Harm. For more information go to www.P65Warnings.ca.gov."
FileName32,"WARNING: This product can expose you to Lead, which is known to the State of California to cause Cancer and Birth Defect/Reproductive Harm. For more information go to www.P65Warnings.ca.gov."
FileName33,"WARNING: This product can expose you to Di(2-ethylhexyl)phthalate (DEHP), which is known to the State of California to cause Cancer and Birth Defect/Reproductive Harm. For more information go to www.P65Warnings.ca.gov."
FileName34,"WARNING: This product can expose you to Di(2-ethylhexyl)phthalate (DEHP), which is known to the State of California to cause Cancer and Birth Defect/Reproductive Harm. For more information go to www.P65Warnings.ca.gov."
